业务域,对应洲,系统,子模块,覆盖业务场景,适用对象与频率,老板关心的问题,规划流程,现有案例阶段
商品与供应链运营域,丰穗洲,AI 自动化商品全生命周期运营系统,选品决策引擎,选品与市场机会调研,跨境卖家、新品部门、工贸企业；每批次新品 / 月度,选品靠经验、踩坑率高、市场趋势判断滞后,品类市场数据爬取→趋势 / 竞争度 / 利润测算→选品评分建模→供应链成本核算→立项建议输出→风险提示,流程原型 · 内容作品；平替一期 · 在线镜像可体验
商品与供应链运营域,丰穗洲,AI 自动化商品全生命周期运营系统,商品基础内容生产工厂,商品上新基础内容制作与交付,电商、跨境品牌；每次上新、活动期,素材制作慢、反复改、多渠道重复做,商品资料→卖点与场景提炼→文案 / 图片 / 视频批量生成→质检→审核→交付包 / 上架草稿,流程原型 · 内容作品；平替一期 · 在线镜像可体验
商品与供应链运营域,丰穗洲,AI 自动化商品全生命周期运营系统,合规校验引擎,商品合规巡检与风险预警,跨境电商、平台商家；每日巡检 / 上新期,违规词 / 禁售品踩坑、店铺扣分下架、合规罚款,全店商品信息抓取→广告法 / 平台规则 / 目的国合规校验→违规项定位标注→修改建议输出→复检上架确认,流程原型 · 内容作品；平替一期 · 在线镜像可体验
商品与供应链运营域,丰穗洲,AI 自动化商品全生命周期运营系统,评论洞察优化引擎,评论与售后反馈分析,电商、跨境品牌；每周分析,差评看不完、产品和页面优化方向不明确,全渠道反馈导入→去重分类→原文引用定位→集中问题归因→形成改进待办→落地效果跟踪,流程原型 · 内容作品；平替一期 · 在线镜像可体验
商品与供应链运营域,丰穗洲,AI 自动化商品全生命周期运营系统,竞品监控引擎,竞品动态监控与分析,品牌商家、工贸企业；每日 / 每周,竞品定价 / 活动看不清、跟品不及时、市场策略被动,竞品信息抓取→价格 / 销量 / 活动异动监控→实时告警→竞品策略拆解→应对策略建议→定期分析报告,流程原型 · 内容作品；平替一期 · 在线镜像可体验
商品与供应链运营域,丰穗洲,AI 自动化库存与采购协同系统,库存预警引擎,库存健康度实时监控,稳定出单卖家、贸易商；每日监控,缺货影响销售、积压占用资金,库存 / 在途 / 销量 / 交期数据汇总→计算库存覆盖天数→异常阈值预警→风险分级推送,本机流程原型；平替一期 · 在线镜像可体验
商品与供应链运营域,丰穗洲,AI 自动化库存与采购协同系统,补货决策引擎,智能补货建议生成,稳定出单卖家、贸易商；每日 / 每周,补货凭经验、要么断货要么压货,销量预测 + 库存覆盖计算→补货量自动测算→补货建议生成→采购审核流转,本机流程原型；平替一期 · 在线镜像可体验
商品与供应链运营域,丰穗洲,AI 自动化库存与采购协同系统,供应商比价引擎,供应商寻源与采购比价,工贸、批发、贸易企业；每批次采购,比价效率低、供应商资质不齐、采购成本高,采购需求拆解→供应商信息匹配抓取→多维度比价核价→资质合规校验→供应商分级推荐,本机流程原型；平替一期 · 在线镜像可体验
商品与供应链运营域,丰穗洲,AI 自动化库存与采购协同系统,采购协同中心,采购订单履约协同,工贸、批发、贸易企业；每批次采购,采购跟进混乱、到货不及时、对账难,采购订单生成→供应商履约跟进→到货核验→入库同步→采购对账衔接,本机流程原型；平替一期 · 在线镜像可体验
商品与供应链运营域,丰穗洲,AI 自动化物流运费管控系统,运费核算引擎,物流运费自动核算校验,跨境电商、大货贸易商；每批次发货,运费算错亏损、计费规则复杂易出错,物流单批量导入→计费规则匹配→运费自动核算→异常费用校验,方案案例 · 待开发
商品与供应链运营域,丰穗洲,AI 自动化物流运费管控系统,物流追踪中心,物流轨迹实时追踪,跨境电商、大货贸易商；每日巡检,物流跟进不及时、客户查件频繁,物流单号批量导入→轨迹实时抓取→节点状态更新→异常节点自动标记,方案案例 · 待开发
商品与供应链运营域,丰穗洲,AI 自动化物流运费管控系统,异常索赔中心,物流异常筛查与索赔跟进,跨境电商、大货贸易商；每日巡检,丢件破损追责难、索赔不及时造成损失,异常件（超时 / 丢件 / 破损）筛查→对账差异比对→索赔工单自动生成→跟进归档,方案案例 · 待开发
内容与营销增长域,花语洲,AI 自动化全域内容生产与分发系统,站内营销内容生产工厂,站内渠道营销素材批量制作,电商、跨境品牌；每次上新、大促期,素材产能不足、多渠道重复制作,用户发起任务→按来源与商品事实取证→检索框架/组件/类目模板→适配后策划或拍摄方案→质检交付→真实反馈修订,RAG 方法实践 · 本地知识资产；流程讲解 · 制作材料
内容与营销增长域,花语洲,AI 自动化全域内容生产与分发系统,抖快带货短视频量产工厂,抖音 / 快手带货短视频创作分发,抖快电商、品牌商家、MCN；每日引流 / 大促期,拍剪产能低、爆款脚本难复制、多账号分发效率低,商品卖点提取→爆款脚本模板匹配→素材批量剪辑 / AI 生成→标题话题优化→多账号定时分发→数据回收迭代,RAG 方法实践 · 本地知识资产；流程讲解 · 制作材料
内容与营销增长域,花语洲,AI 自动化全域内容生产与分发系统,TikTok 多语种内容生产工厂,TikTok / 海外短视频带货内容制作,跨境卖家、出海品牌；每日上新 / 多站点运营,小语种人才缺口大、内容本地化差、多站点产能不足,商品卖点提取→多语种脚本翻译与本地化润色→素材批量生成→本地化标签话题优化→多国家站点分发,RAG 方法实践 · 本地知识资产；流程讲解 · 制作材料
内容与营销增长域,花语洲,AI 自动化全域内容生产与分发系统,多平台分发调度中心,全平台内容统一排期分发,多平台运营商家、品牌；日常运营 / 大促期,多平台发布混乱、排期冲突、数据回收不及时,内容素材统一管理→分平台适配调整→定时排期分发→发布数据自动回收→效果汇总分析,RAG 方法实践 · 本地知识资产；流程讲解 · 制作材料
内容与营销增长域,花语洲,AI 自动化直播全链路运营系统,抖快直播场控中心,抖音 / 快手直播带货实时场控,抖快商家、直播团队、MCN；每场直播,场控人手不足、评论回复不及时、违规话术难察觉,直播脚本预置→实时弹幕 / 评论语义识别→自动答疑 + 引导下单话术触发→商品上架 / 库存播报联动→违规话术实时预警,方案案例 · 待开发
内容与营销增长域,花语洲,AI 自动化直播全链路运营系统,TikTok 跨境直播运营中心,TikTok 跨境直播多语种运营,跨境直播商家、出海品牌；每日直播 / 大促节点,跨时区运营难、外语主播成本高、海外合规风险高,多语种直播脚本配置→实时评论多语种识别与自动回复→商品上架联动→多语种合规预警→跨时区排班管理,方案案例 · 待开发
内容与营销增长域,花语洲,AI 自动化直播全链路运营系统,直播复盘优化引擎,直播数据复盘与效能提升,直播运营团队、品牌方；每场直播后 / 周度复盘,复盘耗时久、问题定位不准、提升无明确方向,直播全量数据拉取→分时段分环节效能分析→爆款话术 / 商品拆解→低效环节定位→优化策略输出→下一场脚本迭代,方案案例 · 待开发
内容与营销增长域,花语洲,AI 自动化全域广告投放优化系统,站内投放优化引擎,站内电商平台广告投放优化,电商、跨境品牌；日常投放 / 大促期,投放 ROI 低、人工调价慢、预算分配混乱,投放数据拉取→效果指标核算→关键词 / 出价自动调整→预算动态分配→低效素材预警,外部参考 · 本地待实测；数据模板 · 待接入
内容与营销增长域,花语洲,AI 自动化全域广告投放优化系统,抖快信息流投放优化引擎,抖音 / 快手信息流广告投放优化,抖快商家、品牌；日常投放 / 大促期,素材衰退快、测试成本高、转化成本不稳定,投放数据拉取→素材效果归因→爆款元素拆解→新素材测试→出价与预算动态优化,外部参考 · 本地待实测；数据模板 · 待接入
内容与营销增长域,花语洲,AI 自动化全域广告投放优化系统,海外短视频投放优化引擎,TikTok / 海外信息流广告投放优化,跨境品牌、独立站卖家；投放期日常优化,多平台素材重复制作、投放 ROI 不稳定、海外优化难,多平台投放数据拉取→素材效果标签化归因→爆款元素拆解→新素材批量生成测试→预算动态分配→低效素材下线建议,外部参考 · 本地待实测；数据模板 · 待接入
内容与营销增长域,花语洲,AI 自动化达人与 KOL 合作管理系统,抖快达人匹配引擎,抖音 / 快手达人智能匹配招商,商家、供应链、MCN；日常建联 / 大促招商期,达人匹配不精准、跟进效率低、合作效果难评估,达人库标签化筛选→合作邀约自动生成→寄样 / 排期跟进→带货数据回收→ROI 核算,方案案例 · 待开发
内容与营销增长域,花语洲,AI 自动化达人与 KOL 合作管理系统,海外 KOL 建联中心,海外 TikTok/Ins 达人合作对接,跨境卖家、出海品牌；新品推广 / 营销节点,海外达人资源难找、跨语言沟通成本高、跟进混乱,垂直领域达人智能匹配→多语种合作邀约生成→寄样 / 排期 / 履约跟进→内容发布数据抓取,方案案例 · 待开发
内容与营销增长域,花语洲,AI 自动化达人与 KOL 合作管理系统,合作效果核算引擎,达人 / KOL 合作效果追踪 ROI 核算,品牌商家、MCN；合作周期内 / 月度复盘,合作效果难核算、达人分级无依据、复投决策模糊,带货 / 曝光数据自动回收→转化 ROI 核算→达人分级评分→复投策略建议→合作档案归档,方案案例 · 待开发
交易与客户服务域,暖港洲,AI 自动化询盘与订单履约系统,询盘报价处理中心,询盘、报价与客户跟进,外贸、工厂、批发企业；每条询盘,回复不及时、报价出错、客户没人跟,识别需求→补问引导→查产品 / 库存 / 价格→报价生成→审核→客户跟进→订单交接,外部参考 · 本地待实测；方案案例 · 待开发
交易与客户服务域,暖港洲,AI 自动化询盘与订单履约系统,订单履约协同中心,订单录入与履约协同,工贸、批发、外贸企业；逐单处理,邮件抄表再抄 ERP 易错漏、订单跟进不及时,读取订单→提取字段→匹配 SKU→核验数量价格→建单草稿→缺货 / 超期跟进→履约同步,外部参考 · 本地待实测；方案案例 · 待开发
交易与客户服务域,暖港洲,AI 自动化全渠道售后工单系统,售前答疑中心,售前咨询智能回复,电商、跨境、品牌；逐条咨询,重复问答效率低、时差错答、人力成本高,理解问题→检索知识库→查订单物流→自动回复→复杂问题转人工,售后归因分析；方案案例 · 待开发
交易与客户服务域,暖港洲,AI 自动化全渠道售后工单系统,售后工单处理中心,售后问题工单处理,电商、跨境、品牌；逐条售后咨询,售后积压、处理不及时、客户满意度低,售后问题识别→工单自动创建→匹配处理方案→分派处理→结果回写→客户回访,售后归因分析；方案案例 · 待开发
交易与客户服务域,暖港洲,AI 自动化全渠道售后工单系统,退换货逆向处理中心,退换货逆向流程自动化,电商、零售品牌；逐单退换货,退换货处理慢、退款出错、库存不同步,退换货申请核验→退回物流追踪→入库质检判定→退款 / 换货自动处理→库存同步更新→退回原因分析,售后归因分析；方案案例 · 待开发
交易与客户服务域,暖港洲,AI 自动化财务对账与单据核验系统,单据匹配引擎,多单据自动匹配核验,多订单、多供应商企业；每日 / 月结,对账耗时、单据量大易出错,订单 / 结算单 / 发票 / 收货单批量导入→多维度自动匹配→匹配结果标记,方案案例 · 待开发
交易与客户服务域,暖港洲,AI 自动化财务对账与单据核验系统,差异排查引擎,对账差异自动定位,多订单、多供应商企业；每日 / 月结,差异找不到、重复付款、核账效率低,单据比对→差异清单自动生成→差异原因初步归类→人工确认指引,方案案例 · 待开发
交易与客户服务域,暖港洲,AI 自动化财务对账与单据核验系统,结算归档中心,结算处理与单据归档,多订单、多供应商企业；每日 / 月结,结算不及时、单据归档混乱、查找难,差异确认→结算处理→单据自动归档→台账更新→检索支持,方案案例 · 待开发
经营决策与组织效能域,远见洲,AI 自动化经营分析与异常预警系统,数据整合引擎,多源经营数据汇总对齐,多店铺、贸易企业；每日 / 每周,数据分散、口径不一、汇总效率低,多平台数据 API 拉取→数据清洗→口径对齐→统一数据中台输出,数据模板 · 待接入
经营决策与组织效能域,远见洲,AI 自动化经营分析与异常预警系统,经营异常预警引擎,经营异常发现与跟进,多店铺、贸易企业；每日 / 每周,报表很多，却不知道先处理什么,数据汇总→指标异动识别→异常分级→展示依据→分派待办→复查结果跟踪,数据模板 · 待接入
经营决策与组织效能域,远见洲,AI 自动化经营分析与异常预警系统,报表自动生成工厂,多平台经营报表自动生成,多店铺 / 多平台商家；每日 / 每周 / 每月,报表做得慢、看数不及时、格式不统一,数据自动填充报表模板→异常指标高亮→定时推送管理层→自助取数支持,数据模板 · 待接入
经营决策与组织效能域,远见洲,AI 自动化客户运营与私域增长系统,客户画像引擎,客户分层与画像构建,品牌电商、私域运营企业；每周 / 月度,客户分层模糊、营销精准度差,客户订单 / 行为数据归集→价值分层与生命周期判定→标签化画像构建,方案案例 · 待开发
经营决策与组织效能域,远见洲,AI 自动化客户运营与私域增长系统,私域触达中心,私域客户精准触达运营,品牌电商、私域运营企业；每周 / 营销节点,客户复购低、流失快、触达效果差,人群匹配→内容 / 权益自动匹配→多渠道定时触达→触达记录同步,方案案例 · 待开发
经营决策与组织效能域,远见洲,AI 自动化客户运营与私域增长系统,效果分析引擎,客户运营效果追踪优化,品牌电商、私域运营企业；营销节点后 / 月度,营销效果不可控、策略优化无依据,转化效果数据回收→ROI 核算→策略问题归因→迭代优化建议输出,方案案例 · 待开发
经营决策与组织效能域,远见洲,AI 自动化服务质量与合规管控系统,会话质检引擎,客服会话合规质检,有客服团队的电商 / 品牌；每日 / 每周,服务标准不统一、违规回复难发现,会话批量拉取→合规 / 情绪 / 话术多维度检测→违规项标记→质检评分,客服质检报告；外部参考 · 本地待实测
经营决策与组织效能域,远见洲,AI 自动化服务质量与合规管控系统,话术优化引擎,客服话术优化与推荐,有客服团队的电商 / 品牌；每日 / 每周,新人上手慢、话术不标准、转化低,优秀话术提取→问题归类统计→优化话术生成→话术推送培训,客服质检报告；外部参考 · 本地待实测
经营决策与组织效能域,远见洲,AI 自动化服务质量与合规管控系统,效能分析中心,客服团队效能分析,有客服团队的电商 / 品牌；每周 / 月度,人效低、服务质量不可控、考核无依据,客服工作量 / 响应 / 转化数据汇总→人效指标核算→团队问题定位→管理优化建议,客服质检报告；外部参考 · 本地待实测
